"story_id","book","story_title","status","confidence"
"1059","Atomic Habits","Britanya bisiklet takımının yüzde iki felsefesi","ready","high"
"1060","Atomic Habits","Kimlik temelli alışkanlık","ready","high"
"1061","Atomic Habits","Fotoğraf öğrencilerinin kalite vs miktar deneyi","ready","high"
"1062","Atomic Habits","Çevre tasarımı ile alışkanlık","ready","high"
"1063","Atomic Habits","İki dakika kuralı","ready","medium"
"1064","Dürüst Olmak","Bir yürüyüşte söylenen tek cümle","ready","high"
"1065","Dürüst Olmak","Aynı sert cümle, iki farklı yer","ready","medium"
"1066","Dürüst Olmak","Neden kimse bana söylemedi?","ready","medium"
"1067","Şimdi Başla","Ertelemenin gerçek kökü: korku","ready","medium"
"1068","Şimdi Başla","İtalyan ressam ve gevşeme paradoksu","ready","medium"
"1069","Şimdi Başla","Karşı konulmaz bir güç olarak 'şimdi'","ready","medium"
"1070","Derin Çalışma","Carl Jung'un taş kulesi inzivası","ready","medium"
"1071","Derin Çalışma","Adam Grant'in toplu e-posta stratejisi","ready","medium"
"1072","Derin Çalışma","J.K. Rowling'in otel odası sırrı","ready","medium"
"1073","Derin Çalışma","Newport'un sosyal medyasız akademik kariyeri","ready","medium"
"1074","Düşün ve Zengin Ol","Andrew Carnegie'nin çelik imparatorluğu","ready","medium"
"1075","Düşün ve Zengin Ol","Edison'ın 10.000 başarısızlığı","ready","medium"
"1076","Düşün ve Zengin Ol","Barnes'ın Edison ortaklığı hayali","ready","medium"
"1077","Düşün ve Zengin Ol","500 dolarlık karar","ready","medium"
"1078","Influence","Kapıya ayak koyma tekniği","ready","high"
"1079","Influence","Restoran garsonunun bahşiş sırrı","ready","medium"
"1080","Influence","Sosyal kanıt ve otel havluları","ready","medium"
"1081","Influence","Kıtlık ve sınırlı üretim yanılsaması","ready","high"
"1082","Good to Great","Kirpi Konsepti","ready","high"
"1083","Good to Great","Volan etkisi","ready","medium"
"1084","Good to Great","Önce kim, sonra ne","ready","medium"
"1085","Başlangıç Noktası","Dokuz gün arayla iki uçuş denemesi","ready","medium"
"1086","Başlangıç Noktası","Notları bıraktığı an","ready","medium"
"1087","Başlangıç Noktası","Altın Çember ve tartışmalı gerekçesi","ready","medium"
"1088","Büyük Sıçrayış","Zappos'un sıfır stoklu ilk satışı","ready","medium"
"1089","Büyük Sıçrayış","IMVU'nun yanlış yolda koşması","ready","medium"
"1090","Büyük Sıçrayış","Build-Measure-Learn döngüsü","ready","medium"
"1091","Odaklanma Gücü","Jack Canfield'ın 100 dolarlık banknot hedefi","ready","medium"
"1092","Odaklanma Gücü","Bir yıl 101 hedef deneyi","ready","low"
"1093","Odaklanma Gücü","Odak sistemi ve kurbağayı yemek","ready","low"
"1094","The 7 Habits of Highly Effective People","Büyük taşlar ve kavanoz dersi","ready","medium"
"1095","The 7 Habits of Highly Effective People","Cenaze töreni egzersizi","ready","high"
"1096","The 7 Habits of Highly Effective People","Tepki verme özgürlüğü — Viktor Frankl'dan öğrenilen ders","ready","medium"
"1097","The 7 Habits of Highly Effective People","Hesap empati ve önce anlamak","ready","high"
"1098","Zihin Gücü","Sabit ve büyüme zihniyeti farkı","ready","medium"
"1099","Zihin Gücü","Michael Jordan'ın kesim hikayesi","ready","medium"
"1100","Zihin Gücü","Övgünün tehlikeli iki yüzü","ready","high"
"1101","Sabah Rutini","Hal Elrod'un ölümden dönüşü","ready","medium"
"1102","Sabah Rutini","SAVERS — altı alışkanlığın bilimi","ready","medium"
"1103","Sabah Rutini","Beş saniyelik kural ve erken kalkma","ready","medium"
"1104","Güç Yasaları","Bismarck'ın savaşmadan kazanma sanatı","ready","medium"
"1105","Güç Yasaları","Beş rejim, tek diplomat","ready","medium"
"1106","Güç Yasaları","İtibar yasasının söylemediği sanılan kısmı","ready","medium"
"1107","Güç Yasaları","Soytarıyı koruyan şey espri değildi","ready","medium"
"1108","Emotional Intelligence","Dört yaşında marshmallow testi","ready","medium"
"1109","Emotional Intelligence","IQ'yu geçen EQ deneyi","ready","medium"
"1110","Emotional Intelligence","Öfke döngüsü ve nörolojik kaçırılma","ready","medium"
"1111","Purple Cow","Mor inek metaforu","ready","medium"
"1112","Purple Cow","Michelin rehberinin doğuşu","ready","low"
"1113","Purple Cow","Boya kutusunu değiştirdiler, reklamı değil","ready","medium"
"1114","Purple Cow","En iyi olmak kimin için?","ready","low"
"1115","The Psychology of Money","Ronald Read'in görünmez serveti","ready","medium"
"1116","The Psychology of Money","Şans ve risk — Bill Gates'in okul arkadaşı","ready","high"
"1117","The Psychology of Money","Yeterince zengin olmak — tatminsizlik tuzağı","ready","high"
"1118","Beyin Fırtınası","H.M.'nin sonsuz şimdi'si","ready","medium"
"1119","Beyin Fırtınası","Kör nokta ve beynin uydurma sanatı","ready","medium"
"1120","Beyin Fırtınası","Bölünmüş beyin ve iki ben","ready","medium"
"1121","Alışkanlıkların Gücü","Alcoa'nın beklenmedik dönüşümü","ready","high"
"1122","Alışkanlıkların Gücü","Craving döngüsü ve diş macunu","ready","medium"
"1123","Alışkanlıkların Gücü","Michael Phelps'in görselleştirme rutini","ready","high"
"1124","Alışkanlıkların Gücü","Keystone alışkanlık ve koşu","ready","medium"
"1125","Liderlik Sanatı","Subaylar en son yer","ready","medium"
"1126","Liderlik Sanatı","Soyut lider mi, somut lider mi?","ready","medium"
"1127","Liderlik Sanatı","Şirketi mi bırakıyorlar, yöneticiyi mi?","ready","medium"
"1128","Büyüme Zihniyeti","'Henüz' kelimesinin gücü","ready","medium"
"1129","Büyüme Zihniyeti","Beynin plastikliği ve yeniden yazılma","ready","medium"
"1130","Büyüme Zihniyeti","Şampiyonların sırrı: zorluğu sevmek","ready","medium"
"1131","Şimdi ve Burada","Bankta oturan adam","ready","medium"
"1132","Şimdi ve Burada","Ağrı ile acının farkı","ready","low"
"1133","Şimdi ve Burada","Şimdiki anın kapısı","ready","medium"
"1134","Sosyal Hayvan","Bilinçdışının gizli gücü","ready","medium"
"1135","Sosyal Hayvan","Bağlanma ve başarı ilişkisi","ready","medium"
"1136","Sosyal Hayvan","Karakter ve ahlakın kökeni","ready","low"
"1137","Hız ve Güven","İki saatlik toplantı, tek el sıkışma","ready","high"
"1138","Hız ve Güven","Görünmez vergi, görünmez temettü","ready","medium"
"1139","Hız ve Güven","Dördünden biri eksikse olmuyor","ready","medium"
"1140","Cesaret Vermek","Savunmasızlığın paradoksu","ready","medium"
"1141","Cesaret Vermek","Yeterlilik ve utanç kıskacı","ready","high"
"1142","Cesaret Vermek","Arenada dövüşmek","ready","medium"
"1143","Fark Yaratmak","Her sabah yatağını topla","ready","high"
"1144","Fark Yaratmak","Köpekbalığı havuzu ve korku","ready","medium"
"1145","Fark Yaratmak","Kolay olmayacak, devam et","ready","medium"
"1146","Sınırlar","Hayır diyememek ve tükenişin bedeli","ready","low"
"1147","Sınırlar","Sınırların üç türü","ready","high"
"1148","Sınırlar","Sınır koymak ilişkileri yıkmaz, güçlendirir","ready","medium"
"1149","Azim","West Point'in 'Dayanma' testi","ready","high"
"1150","Azim","Başarının formülü: Yetenek x Çaba²","ready","medium"
"1151","Azim","Tutkuyu bulmak: Bilmek değil keşfetmek","ready","medium"
"1152","Büyük Soru","Toplama kampında anlam arayışı","ready","high"
"1153","Büyük Soru","Boş zaman ve varoluş kaygısı","ready","high"
"1154","Büyük Soru","Sorumluluk özgürlüğün diğer yüzü","ready","high"
"1155","Olumlu Zeka","Sabotaj zihninin beş sesi","ready","medium"
"1156","Olumlu Zeka","PQ — olumlu zeka kası","ready","medium"
"1157","Olumlu Zeka","Zorlukları hediyeye çevirmek","ready","medium"
"1158","Dürüst Konuşmak","Uçak kazası ve söylenmeden kalan söz","ready","low"
"1159","Dürüst Konuşmak","Ortak zemin yaratma sanatı","ready","high"
"1160","Dürüst Konuşmak","Hikayelerden gerçeklere dönmek","ready","high"
"1161","Sezgi Gücü","İtfaiyecinin ölümcül sezgisi","ready","high"
"1162","Sezgi Gücü","Sahte antika ve uzman gözü","ready","high"
"1163","Sezgi Gücü","İlk izlenim ve Warren Harding hatası","ready","high"
"1164","10.000 Saat Kuralı","Hamburg'da geçen saatler","ready","medium"
"1165","10.000 Saat Kuralı","Lakeside ve bit pazarından çıkan terminal","ready","high"
"1166","10.000 Saat Kuralı","Ocak doğanların ligi","ready","high"
"1167","Flow","Rock tırmanıcısının zaman kaybı","ready","medium"
"1168","Flow","Cerrahın ameliyathanede kaybolması","ready","low"
"1169","Flow","Otomatik pilot ve bilinçli seçim","ready","high"
"1170","Karar Verme Sanatı","Sistem 1 ve Sistem 2","ready","high"
"1171","Karar Verme Sanatı","Çapalama etkisi ve müzayede","ready","high"
"1172","Karar Verme Sanatı","Linda problemi ve konjunksiyon hatası","ready","high"
"1173","İkna Sanatı","Köpek çalınan adam","ready","low"
"1174","İkna Sanatı","Roosevelt'in isim hafızası","ready","high"
"1175","İkna Sanatı","Eleştiri yerine soru sormak","ready","medium"
"1176","Pareto İlkesi","Bahçedeki bezelye","ready","low"
"1177","Pareto İlkesi","80/20 ve zaman yönetimi","ready","medium"
"1178","Pareto İlkesi","Az ama öz ilişkiler","ready","medium"
"1179","Yaratıcı Olmak","İlham perisinin ziyareti","ready","medium"
"1180","Yaratıcı Olmak","Korkuyla dans etmek","ready","high"
"1181","Yaratıcı Olmak","Yaratıcılık bir sorumluluk","ready","high"
"1182","Money: Master the Game","Bileşik faizin sihri","ready","medium"
"1183","Money: Master the Game","Finansal özgürlüğün beş adımı","ready","medium"
"1184","Money: Master the Game","Risk asimetrisi ve kayıptan kaçınma","ready","medium"
"1185","Zihin Haritası","Einstein'ın görsel düşünce sırrı","ready","medium"
"1186","Zihin Haritası","Bir sayfada bir kitap","ready","low"
"1187","Korkusuzluk","Paraşütle atlayan kadın","ready","low"
"1188","Korkusuzluk","Hayır deme korkusu","ready","medium"
"1189","Stillness Is the Key","Büyük İskender'in hareketsizliği","ready","medium"
"1190","Stillness Is the Key","Epiktetos'un özgürlüğü","ready","medium"
"1191","Ego Is the Enemy","Howard Hughes'un çöküşü","ready","medium"
"1192","Ego Is the Enemy","Öğrenci zihniyeti","ready","high"
"1193","Engel Yolu Açar","Edison'ın fabrika yangını","ready","high"
"1194","Engel Yolu Açar","Marcus Aurelius'un mektupları","ready","high"
"1195","Neden Uyuyoruz","Uyku ve beyin temizliği","ready","high"
"1196","Neden Uyuyoruz","Roger Federer'in 12 saati","ready","low"
"1197","Bedenin Sesi","Vietnam gazilerinin dondurulmuş anları","ready","high"
"1198","Bedenin Sesi","Güvenli beden ve iyileşme","ready","medium"
"1199","Saatlerin Efendisi","Hemingway'in sabah ritmi","ready","medium"
"1200","Saatlerin Efendisi","Öğle sarhoşluğu ve dinlenme bilimi","ready","high"
"1201","Sıfır'dan Bir'e","Monopol mu rekabet mi?","ready","high"
"1202","Sıfır'dan Bir'e","Gizli sırlar ve kontrarian düşünce","ready","high"
"1203","Karanlığın Ötesi","Güvenlik alanından çıkmak","ready","medium"
"1204","Karanlığın Ötesi","Zırh ve liderlik","ready","medium"
"1205","Kaybedilen Cennet","Hazinenin geri dönüşü","ready","high"
"1206","Kaybedilen Cennet","Kişisel efsane ve kader","ready","high"
"1207","İnsan Nasıl Düşünür","Bahçıvan ve zihin","ready","high"
"1208","İnsan Nasıl Düşünür","Karakter ve koşullar","ready","high"
"1209","Can't Hurt Me","Hayatta kalma zihni","ready","medium"
"1210","Can't Hurt Me","Aklın rahatlama dürtüsü","ready","medium"
"1211","Zengin Baba Fakir Baba","İki babanın iki farklı dersi","ready","medium"
"1212","Zengin Baba Fakir Baba","McDonald's'ın gerçek işi","ready","medium"
"1213","The 4-Hour Workweek","80/20 ve işi silmek","ready","high"
"1214","The 4-Hour Workweek","Korkular listesi ve olumsuz canlandırma","ready","high"
"1215","Minimalizm","Daha az, daha odaklı","ready","high"
"1216","Minimalizm","Tek gemi filosu","ready","low"
"1217","Hiçbir Şeye Bakmamak","Bir aylık e-posta yasağı","ready","medium"
"1218","Hiçbir Şeye Bakmamak","Dijital minimalizm felsefesi","ready","high"
"1219","The Good Life","Harvard'ın 85 yıllık mutluluk araştırması","ready","high"
"1220","Şükran Günlüğü","Şükranın beyin kimyası","ready","medium"
"1221","Şükran Günlüğü","Karşılaştırmanın tuzağı","ready","low"
"1222","Karizmatik Olmak","Marilyn Monroe'nun soyunma odası","ready","medium"
"1223","Karizmatik Olmak","Varlık — karizmanın temeli","ready","medium"
"1224","İnsan Beyninin Gücü","Jim Kwik'in beyin hasarı","ready","medium"
"1225","İnsan Beyninin Gücü","Hız okuma ve anlama","ready","medium"
"1226","Cesur Olmak","Onay ihtiyacı ve özgürlük","ready","high"
"1227","Cesur Olmak","Geçmiş ve şimdiki an","ready","high"
"1228","Yüksek Performans","Ambulanstaki uyanış","ready","medium"
"1229","Yüksek Performans","Enerji yönetimi ve niyet","ready","medium"
"1230","Savaş Sanatı","Su gibi olmak","ready","high"
"1231","Savaş Sanatı","Kazanmak savaşmadan","ready","high"
"1232","Değişimin Gücü","Fil ve kazık","ready","medium"
"1233","Değişimin Gücü","Akıl ve kalp — değişimin iki motoru","ready","high"
"1234","Yapışkan Fikirler","Jared ve Subway diyeti","ready","medium"
"1235","Yapışkan Fikirler","Sürpriz ve merak boşluğu","ready","high"
"1236","Hikaye Anlatıcısı","Kahraman ve rehber","ready","high"
"1237","Hikaye Anlatıcısı","BrandScript ve basit mesaj","ready","high"
"1238","Doğrusal Olmayan Gelecek","Katlanarak büyüme paradoksu","ready","medium"
"1239","Doğrusal Olmayan Gelecek","İnsan-makine entegrasyonu","ready","medium"
"1240","İkna Sanatı","Köpek çalan komşuya farklı yaklaşım","ready","medium"
"1241","İkna Sanatı","Roosevelt'in isim ezberleyen dehası","ready","high"
"1242","İkna Sanatı","Eleştiri yapmadan değiştirme sanatı","ready","high"
"1243","Pareto İlkesi","Bahçedeki bezelyenin sırrı","ready","medium"
"1244","Pareto İlkesi","Koch'un çalışma saatlerini yarıya indirmesi","ready","medium"
"1245","Pareto İlkesi","Mutluluğun yüzde yirmi kaynağı","ready","medium"
"1246","Yaratıcı Olmak","İlham perisi kapıya geldiğinde","ready","medium"
"1247","Yaratıcı Olmak","Korkunun yolcu olması","ready","medium"
"1248","Yaratıcı Olmak","Merak yaratıcılığın pusulası","ready","high"
"1249","Money: Master the Game","Theodore Johnson'ın taze meyve tasarrufu","ready","medium"
"1250","Money: Master the Game","Serbest piyasanın en güçlü kuvveti","ready","low"
"1251","Money: Master the Game","Zenginliğin gerçek tanımı","ready","medium"
"1252","Zihin Haritası","Einstein'ın görsel düşünme sırrı","ready","medium"
"1253","Zihin Haritası","Hafıza şampiyonlarının tekniği","ready","medium"
"1254","Zihin Haritası","Her iki beyin yarımküresini birlikte kullanmak","ready","low"
"1255","Korkusuzluk","Paraşütle atlayan kadın","ready","medium"
"1256","Korkusuzluk","Acının kaçınılmazlığı ve acıdan kaçma bedeli","ready","medium"
"1257","Korkusuzluk","Sorumluluk ve güç arasındaki bağ","no_brief",""
"1258","Stillness Is the Key","Büyük İskender'in hareketsizlik dersi","no_brief",""
"1259","Stillness Is the Key","Çınar ağacı ve fırtına","no_brief",""
"1260","Stillness Is the Key","Napoleon'ın e-posta kuralı","no_brief",""
"1261","Ego Is the Enemy","Howard Hughes'ın çöküşü","no_brief",""
"1262","Ego Is the Enemy","Genç askerin kibri","no_brief",""
"1263","Ego Is the Enemy","Şu an yapıyor olmak, olmak değildir","no_brief",""
"1264","Engel Yolu Açar","Edison'ın fabrika yangını","no_brief",""
"1265","Engel Yolu Açar","Marcus Aurelius'un taht zorunluluğu","no_brief",""
"1266","Engel Yolu Açar","Amor fati — kaderi sevmek","no_brief",""
"1267","Neden Uyuyoruz","Roger Federer'in 12 saat uyku sırrı","no_brief",""
"1268","Neden Uyuyoruz","Uyku yoksunluğu ve tıbbi hatalar","no_brief",""
"1269","Neden Uyuyoruz","REM uykusu ve duygusal iyileşme","no_brief",""
"1270","Bedenin Sesi","Vietnam gazilerinin dondurulmuş bedenleri","no_brief",""
"1271","Bedenin Sesi","Güvenli beden — iyileşmenin temeli","no_brief",""
"1272","Bedenin Sesi","Çocukluk ihmalinin iz bıraktığı beyin","no_brief",""
"1273","Saatlerin Efendisi","Hemingway'in biyolojik saat ritmi","no_brief",""
"1274","Saatlerin Efendisi","Öğleden sonra çöküşü ve şekerleme sırrı","no_brief",""
"1275","Saatlerin Efendisi","Son adım etkisi ve bitiş gücü","no_brief",""
"1276","Sıfır'dan Bir'e","PayPal mafyasının gizemi","no_brief",""
"1277","Sıfır'dan Bir'e","Rekabetten kaçış ve monopol gücü","no_brief",""
"1278","Sıfır'dan Bir'e","Gizler ve sırları aramak","no_brief",""
"1279","Karanlığın Ötesi","Zırh kuşanmak ve yalnızlık","no_brief",""
"1280","Karanlığın Ötesi","Cesur liderliğin bedeli","no_brief",""
"1281","Karanlığın Ötesi","Değerler ve değer çatışması","no_brief",""
"1282","Kaybedilen Cennet","Santiago'nun tekrarlayan rüyası","no_brief",""
"1283","Kaybedilen Cennet","Evrenin dili ve işaretler","no_brief",""
"1284","Kaybedilen Cennet","Hazine hep başladığın yerde","no_brief",""
"1285","İnsan Nasıl Düşünür","Bahçıvan ve zihin toprağı","no_brief",""
"1286","İnsan Nasıl Düşünür","Koşullar değil karakter belirler","no_brief",""
"1287","İnsan Nasıl Düşünür","Sessizliğin içindeki bilgelik","no_brief",""
"1288","Can't Hurt Me","Çocukluğun en karanlık gecesi","no_brief",""
"1289","Can't Hurt Me","Yüzde kırk kuralı","no_brief",""
"1290","Can't Hurt Me","Hesap defteri ve zihinsel güç","no_brief",""
"1291","Zengin Baba Fakir Baba","İki babanın iki dersi","no_brief",""
"1292","Zengin Baba Fakir Baba","McDonald's aslında ne satıyor?","no_brief",""
"1293","Zengin Baba Fakir Baba","Vergi sistemi ve şirket stratejisi","no_brief",""
"1294","The 4-Hour Workweek","Muse ve ürün testi deneyi","no_brief",""
"1295","The 4-Hour Workweek","Korkular listesi ve felsefeyi tersine çevirmek","no_brief",""
"1296","The 4-Hour Workweek","Dışarıdan çalışma ve konum bağımsızlığı","no_brief",""
"1297","Minimalizm","Tek gemi filosunun zafer sırrı","no_brief",""
"1298","Minimalizm","Fırsatın maliyeti","no_brief",""
"1299","Minimalizm","Dinlenmenin üretkenlik paradoksu","no_brief",""
"1300","Akıl Yürütme","Şempanze testi ve insan yanılgısı","no_brief",""
"1301","Akıl Yürütme","Dünya dört gelir düzeyinde","no_brief",""
"1302","Akıl Yürütme","Korkuyla değil veriyle düşünmek","no_brief",""
"1303","Siyah Kuğu","Hindinin yanlış öğrenimi","no_brief",""
"1304","Siyah Kuğu","Uzman tahmini yanılgısı","no_brief",""
"1305","Siyah Kuğu","Kırılganlık ve siyah kuğuya hazırlık","no_brief",""
"1306","Antikırılgan","Ormanın yangın ihtiyacı","no_brief",""
"1307","Antikırılgan","Barbell stratejisi","no_brief",""
"1308","Antikırılgan","Stres ve kas büyümesi — antikırılganlığın bedeni","no_brief",""
"1309","Thinking in Systems","Salıncak ve sistem düşüncesi","no_brief",""
"1310","Thinking in Systems","Geri bildirim döngüleri ve kendi kendini besleyen kısır döngüler","no_brief",""
"1311","Thinking in Systems","Gecikme ve sabırsızlık tuzağı","no_brief",""
"1312","İşin Özü","Pasta dükkanı sahibinin hatası","no_brief",""
"1313","İşin Özü","McDonald's ve işletme prototipi","no_brief",""
"1314","İşin Özü","Olgunluk aşaması ve sistematik büyüme","no_brief",""
"1315","Müşteriyi Anlamak","Instagram'ın pivot mucizesi","no_brief",""
"1316","Müşteriyi Anlamak","Tetikleyiciler ve alışkanlık tasarımı","no_brief",""
"1317","Müşteriyi Anlamak","Değişken ödül ve kumar psikolojisi","no_brief",""
"1318","Indistractable","Rahatsızlıktan kaçma dürtüsü","no_brief",""
"1319","Indistractable","Zaman kutulaması ve taahhüt","no_brief",""
"1320","Indistractable","Çevre tasarımı ve sürtüşme","no_brief",""
"1321","Güçlü Sorular","Polaroid'in anlık cevabı","no_brief",""
"1322","Güçlü Sorular","Soru hiyerarşisi — neden, nasıl, ne","no_brief",""
"1323","Güçlü Sorular","Naif soru ve uzman körlüğü","no_brief",""
"1324","Yaratıcı Beyin","Sabah sayfaları ritüeli","no_brief",""
"1325","Yaratıcı Beyin","İçsel eleştirmenin sesi","no_brief",""
"1326","Yaratıcı Beyin","Sanatçı buluşması ve ilham besleme","no_brief",""
"1327","The Success Principles","101 hedef listesi","no_brief",""
"1328","The Success Principles","Ayna ilkesi ve dış yansıma","no_brief",""
"1329","The Success Principles","Geri bildirim döngüsü ve sürekli iyileşme","no_brief",""
"1330","Özgür Olmak","Değerlerin hiyerarşisi","no_brief",""
"1331","Özgür Olmak","Çaresizlik döngüsü ve sorumluluk","no_brief",""
"1332","Özgür Olmak","Belirsizliği kucaklamak","no_brief",""
"1333","Her Şey Yolunda","Umut paradoksu","no_brief",""
"1334","Her Şey Yolunda","Ölüm ve anlam arasındaki bağ","no_brief",""
"1335","Her Şey Yolunda","Özgürlük ve seçimin bedeli","no_brief",""
"1336","Beden Dili","FBI ajanının gözlem sanatı","no_brief",""
"1337","Beden Dili","Rahat ve rahatsız beden — temel çizgi","no_brief",""
"1338","Beden Dili","Güven ve otoriteyi yansıtan duruş","no_brief",""
"1339","Uyku Devrimi","Huffington'ın çöküşü","no_brief",""
"1340","Uyku Devrimi","Uyku ritueli ve ortam tasarımı","no_brief",""
"1341","Uyku Devrimi","Başarının yeni tanımı","no_brief",""
"1342","Meditasyon","Panik atağından meditasyona","no_brief",""
"1343","Meditasyon","Yüzde on daha mutlu","no_brief",""
"1344","Meditasyon","Egonun sesi ve gözlemci","no_brief",""
"1345","The Paradox of Choice","Kot pantolon ve felç edici özgürlük","no_brief",""
"1346","The Paradox of Choice","Maksimizer ve satisficer","no_brief",""
"1347","The Paradox of Choice","Beklenti ve hayal kırıklığı","no_brief",""
"1348","Öğrenmeyi Öğrenmek","Uyku ve hafıza pekiştirme","no_brief",""
"1349","Öğrenmeyi Öğrenmek","Geri çağırma pratiği ve illüzyon bilgisi","no_brief",""
"1350","Öğrenmeyi Öğrenmek","Aralıklı tekrar ve unutma paradoksu","no_brief",""
"1351","Bir Sonraki Seviye","Sabah 5 kulübü ve beynin altın saatleri","no_brief",""
"1352","Bir Sonraki Seviye","1-3-5 kuralı ve günlük odak","no_brief",""
"1353","Bir Sonraki Seviye","İkiz döngüsü — kazanma ve öğrenme","no_brief",""
"1354","Lider Yok Köle Yok","Ferrari sahibinin manastır ziyareti","no_brief",""
"1355","Lider Yok Köle Yok","Beş büyük pişmanlık","no_brief",""
"1356","Lider Yok Köle Yok","Kaizen ilkesi ve sürekli küçük iyileştirme","no_brief",""
"1357","Unutulmaz Markalar","Müşteri kim sorusu","no_brief",""
"1358","Unutulmaz Markalar","Kabile ve liderlik","no_brief",""
"1359","Unutulmaz Markalar","Pazarlama empati işidir","no_brief",""
"1360","Niyet","Princeton mühendislik anomalileri","no_brief",""
"1361","Niyet","Uzak iyileşme deneyleri","no_brief",""
"1362","Niyet","Topluluk niyeti ve dalgalanma etkisi","no_brief",""
"1363","Zihinsel Dayanıklılık","Dave Goldberg'i kaybetmek","no_brief",""
"1364","Zihinsel Dayanıklılık","3P tuzağı — kalıcılık, yaygınlık, kişiselleştirme","no_brief",""
"1365","Zihinsel Dayanıklılık","Travma sonrası büyüme","no_brief",""
"1366","Kendi Patronun Ol","Freelancer'ın fatura şoku","no_brief",""
"1367","Kendi Patronun Ol","Tek kişilik şirketin gücü","no_brief",""
"1368","Kendi Patronun Ol","Direnç ve yavaş büyümenin avantajı","no_brief",""
"1369","İnsanı Anlamak","FBI rehine müzakeresi","no_brief",""
"1370","İnsanı Anlamak","Hayır'ın gücü","no_brief",""
"1371","İnsanı Anlamak","Yansıtma ve derin dinleme","no_brief",""
"1372","The Life-Changing Magic of Tidying Up","Neşe tetikleyici yöntemi","no_brief",""
"1373","The Life-Changing Magic of Tidying Up","Kategori sırasının önemi","no_brief",""
"1374","The Life-Changing Magic of Tidying Up","Eşyaların enerjisi ve ev farkındalığı","no_brief",""
"1375","Stoacılık","Marcus Aurelius'un gizli günlüğü","no_brief",""
"1376","Stoacılık","Kontrol edilebilen ve edilemeyen","no_brief",""
"1377","Stoacılık","Olumsuz görselleştirme — en kötüyü hayal etmek","no_brief",""
"1378","İyimserlik Öğrenmek","Öğrenilmiş çaresizlik deneyi","no_brief",""
"1379","İyimserlik Öğrenmek","Açıklama tarzı ve geleceğin şekli","no_brief",""
"1380","İyimserlik Öğrenmek","ABCDE modeli — düşünceyi yeniden yapılandırma","no_brief",""
"1381","Mutluluğun Peşinde","Tetris etkisi ve beyin yeniden programlama","no_brief",""
"1382","Mutluluğun Peşinde","Sosyal yatırım ve bağlantı kalkanı","no_brief",""
"1383","Mutluluğun Peşinde","Başarı mutluluğu getirmez — tersine çalışır","no_brief",""
"1384","Sağlıklı Olmak","Küçük sağlık kazanımlarının bileşimi","no_brief",""
"1385","Sağlıklı Olmak","Çevre ve sağlık kararları","no_brief",""
"1386","Sağlıklı Olmak","Hiçbir zaman iki gün üst üste atla","no_brief",""
"1387","İçsel Güç","Ateş üzerinde yürümek","no_brief",""
"1388","İçsel Güç","Altı insan ihtiyacı","no_brief",""
"1389","İçsel Güç","Kaynak durumu ve performans zirvesi","no_brief",""
"1390","Hedeflere Ulaşmak","Hedefin netliği ve beyin aktivasyonu","no_brief",""
"1391","Hedeflere Ulaşmak","Hedefin altı P'si","no_brief",""
"1392","Hedeflere Ulaşmak","En büyük hedef ve günlük adım","no_brief",""
"1393","Yeme Bozukluğu","Kurbağayı sabah yemek","no_brief",""
"1394","Yeme Bozukluğu","80/20 ve kritik görevler","no_brief",""
"1395","Yeme Bozukluğu","Odaklanma ve tek görev ilkesi","no_brief",""
"1396","Sonsuz Oyun","Sonsuz ve sonlu oyun farkı","no_brief",""
"1397","Sonsuz Oyun","Sadık rakip — öğreten düşman","no_brief",""
"1398","Sonsuz Oyun","Sonsuz liderler ve güven kültürü","no_brief",""
"1399","Zeki Kalabalıklar","Japonya'da cep telefonuyla koordinasyon","no_brief",""
"1400","Zeki Kalabalıklar","Wikipedia ve kolektif bilgi üretimi","no_brief",""
"1401","Zeki Kalabalıklar","Flash mob ve anlık koordinasyon","no_brief",""
"1402","Devrilme Noktası","Hush Puppies'in gizemli dirilişi","no_brief",""
"1403","Devrilme Noktası","New York'ta suç salgını ve kırık cam teorisi","no_brief",""
"1404","Devrilme Noktası","Bağlayıcılar, Bilgeler ve Satıcılar","no_brief",""
"1405","Nasıl Başarılı Olunur","İki dakikada karar ver","no_brief",""
"1406","Nasıl Başarılı Olunur","İki dakika kuralı","no_brief",""
"1407","Nasıl Başarılı Olunur","Haftalık gözden geçirme ritüeli","no_brief",""
"1408","Dört Anlaşma","Sözcüklerin büyüsü — birinci anlaşma","no_brief",""
"1409","Dört Anlaşma","Kişisel almama sanatı — ikinci anlaşma","no_brief",""
"1410","Dört Anlaşma","Varsayımda bulunmamak — üçüncü anlaşma","no_brief",""
"1411","Sessizlik","İçe dönükler ve dışa dönükler arasındaki fark","no_brief",""
"1412","Sessizlik","Harvard Business School paradoksu","no_brief",""
"1413","Sessizlik","Sert satış ve empatin gücü","no_brief",""
"1414","Liderlik 21 Yasası","Tavan yasası — kim olduğun neye ulaşabileceğini belirler","no_brief",""
"1415","Liderlik 21 Yasası","Etkinin yasası — asıl para birimi ilişki","no_brief",""
"1416","Liderlik 21 Yasası","Zemin yasası — güven liderliğin temelidir","no_brief",""
"1417","Mavi Okyanus Stratejisi","Cirque du Soleil ve yeni pazar yaratma","no_brief",""
"1418","Mavi Okyanus Stratejisi","Dört eylem çerçevesi","no_brief",""
"1419","Mavi Okyanus Stratejisi","Stratejik tuval ve görsel strateji","no_brief",""
"1420","Mucize Sabah 2","Beyin kimyası ve sabah saati","no_brief",""
"1421","Mucize Sabah 2","Beş saniyelik kural ve momentum","no_brief",""
"1422","Mucize Sabah 2","Vizyon ve kimlik netliği","no_brief",""
"1423","Mindfulness","Nereye gidersen git, orada ol","no_brief",""
"1424","Mindfulness","Otopilot modu ve bilinçsiz hayat","no_brief",""
"1425","Mindfulness","Düşünceler gerçek değildir","no_brief",""
"1426","Yetenek Yanılgısı","Notaları kim yazdı","no_brief",""
"1427","Yetenek Yanılgısı","Yirmi yıllık hekim, beş yıllık hekim","no_brief",""
"1428","Yetenek Yanılgısı","Kendi kör noktanı göremezsin","no_brief",""
"1429","Terapi","Terapistin kendi terapisti","no_brief",""
"1430","Terapi","Değişim istemek ile değişmek istemek","no_brief",""
"1431","Terapi","Hikaye anlatımı ve kendini kurban etmek","no_brief",""
"1432","Büyüme Kültürü","OKR'ların doğuşu — Intel ve Andy Grove","no_brief",""
"1433","Büyüme Kültürü","Yüksek hedef kültürü — moonshot düşünce","no_brief",""
"1434","Büyüme Kültürü","Şeffaflık ve hizalanma","no_brief",""
"1435","Satışın Psikolojisi","Satışın psikolojik temeli — insanlar duygularla alır","no_brief",""
"1436","Satışın Psikolojisi","Reddin anatomisi — itiraz yönetimi","no_brief",""
"1437","Satışın Psikolojisi","Güven inşası ve ilk izlenim","no_brief",""
"1438","Against Empathy","Empatinin karanlık yüzü — önyargılı acı","no_brief",""
"1439","Against Empathy","Rasyonel şefkat — empatinin ötesi","no_brief",""
"1440","Against Empathy","Tükenme ve empatinin bedeli","no_brief",""
"1441","Gündelik Nesneler Tasarımı","Kapı tasarımı ve hata yerine kullanıcıyı suçlamak","no_brief",""
"1442","Gündelik Nesneler Tasarımı","Görünürlük ve geri bildirim — iyi tasarımın iki direği","no_brief",""
"1443","Gündelik Nesneler Tasarımı","Zihinsel modeller ve tasarımın gizli dili","no_brief",""
"1444","Sadakat Etkisi","Müşteri kaybı ve görünmez buz buzdağı","no_brief",""
"1445","Sadakat Etkisi","Net Tavsiye Skoru'nun doğuşu","no_brief",""
"1446","Sadakat Etkisi","Sadakat ve kârlılığın matematiği","no_brief",""
"1447","Hayatın Kısalığı Üzerine","Hayat kısa değil, biz onu israf ediyoruz","no_brief",""
"1448","Hayatın Kısalığı Üzerine","Ertelemenin ölümcül yanılgısı","no_brief",""
"1449","Hayatın Kısalığı Üzerine","Stoacı saat — her anı bilinçli yaşamak","no_brief",""
"1450","Bilinçaltının Gücü","Bilinçaltı ve otonom sinir sistemi","no_brief",""
"1451","Bilinçaltının Gücü","Uyku öncesi programlama","no_brief",""
"1452","Bilinçaltının Gücü","İnanç ve gerçekleşme döngüsü","no_brief",""
"1453","Neşeyi Seç","Sekiz gün sekiz yıla bedel","no_brief",""
"1454","Neşeyi Seç","Sekiz neşe sütunu","no_brief",""
"1455","Neşeyi Seç","Acı ve neşe bir arada","no_brief",""
"1456","Beynin Sırları","Phantom limb — hayalet uzuv ve beynin gerçeği","no_brief",""
"1457","Beynin Sırları","Synesthesia — duyuların birbirine karışması","no_brief",""
"1458","Beynin Sırları","Ayna nöronlar ve empati biyolojisi","no_brief",""
"1459","İş Hayatında Duygusal Zeka","Liderlik ve duygusal bulaşıcılık","no_brief",""
"1460","İş Hayatında Duygusal Zeka","Beş yetkinlik çerçevesi","no_brief",""
"1461","İş Hayatında Duygusal Zeka","Öz farkındalığın gücü ve kör nokta","no_brief",""
"1462","Kalıcı Hafıza","Hafıza şampiyonlarıyla yarışmak","no_brief",""
"1463","Kalıcı Hafıza","Hafıza sarayı ve uzamsal kodlama","no_brief",""
"1464","Kalıcı Hafıza","Unutma ve hatırlamanın paradoksu","no_brief",""
"1465","Etkileyici Konuşma","TED sahnesindeki üç sır","no_brief",""
"1466","Etkileyici Konuşma","Beyin dostu hikaye anlatımı","no_brief",""
"1467","Etkileyici Konuşma","Kural yüzde elli sekiz","no_brief",""
"1468","Büyük Fikirler","Kahve evi ve fikir ekosistemi","no_brief",""
"1469","Büyük Fikirler","Yavaş sezgi ve uzun kuluçka","no_brief",""
"1470","Büyük Fikirler","Bitişen olasılıklar — sınırı genişletmek","no_brief",""
"1471","Dinlenmenin Gücü","Darwin'in yürüyüş yolu","no_brief",""
"1472","Dinlenmenin Gücü","Uyku ve yaratıcı problem çözme","no_brief",""
"1473","Dinlenmenin Gücü","Derin oyun ve yenileme","no_brief",""
"1474","İnsanlığın Kısa Tarihi","Bilişsel devrim ve hayali gerçeklikler","no_brief",""
"1475","İnsanlığın Kısa Tarihi","Tarım devrimi — insanlığın en büyük aldatmacası","no_brief",""
"1476","İnsanlığın Kısa Tarihi","Mutluluk ve anlam — tarihsel perspektif","no_brief",""
"1477","Homo Deus","Ölümsüzlük projesi","no_brief",""
"1478","Homo Deus","Veri dini ve algoritmik otorite","no_brief",""
"1479","Homo Deus","Özgür irade yanılsaması","no_brief",""
"1480","21. Yüzyıl İçin 21 Ders","Yapay zeka ve iş gücünün geleceği","no_brief",""
"1481","21. Yüzyıl İçin 21 Ders","Dezenformasyon çağı ve gerçeği bulmak","no_brief",""
"1482","21. Yüzyıl İçin 21 Ders","Meditasyon ve öz tanıma çağı","no_brief",""
"1483","The Fearless Organization","Columbia uzay mekiği ve sessizlik bedeli","no_brief",""
"1484","The Fearless Organization","Psikolojik güvenlik nedir, ne değildir","no_brief",""
"1485","The Fearless Organization","Lider davranışı ve güvenlik iklimi","no_brief",""
"1486","Çalınan Dikkat","Johann Hari'nin telefon deneyi","no_brief",""
"1487","Çalınan Dikkat","Dikkat ekonomisi ve dikkat mimarisi","no_brief",""
"1488","Çalınan Dikkat","Odaklanmanın gerçek düşmanları","no_brief",""
"1489","Bağımlılık Çağı","Rat Park deneyi — bağımlılığın gerçek nedeni","no_brief",""
"1490","Bağımlılık Çağı","Uyuşturucu savaşının paradoksu","no_brief",""
"1491","Bağımlılık Çağı","Kapitalizm ve bağımlılık ekonomisi","no_brief",""
"1492","Kayıp Bağlantılar","Depresyonun dokuz nedeni","no_brief",""
"1493","Kayıp Bağlantılar","İş ve anlam — Londra bankacısı","no_brief",""
"1494","Kayıp Bağlantılar","Sosyal bağlantı ve iyileşme","no_brief",""
"1495","Güçlü Yönler Bulma","Zayıfları düzeltmek değil güçlüleri geliştirmek","no_brief",""
"1496","Güçlü Yönler Bulma","Akış anı ve yetenek işareti","no_brief",""
"1497","Güçlü Yönler Bulma","Gallup araştırması ve iş tatmini","no_brief",""
"1498","Kabile Liderliği","Beş kabile aşaması","no_brief",""
"1499","Kabile Liderliği","Ortak düşman kültürünün tehlikesi","no_brief",""
"1500","Kabile Liderliği","Liderlik ve kültür şekillendirme","no_brief",""
"1501","Korkudan Öğrenmek","Sezginin gerçek değeri","no_brief",""
"1502","Korkudan Öğrenmek","Gerçek korku ile endişe arasındaki fark","no_brief",""
"1503","Korkudan Öğrenmek","Şiddetin öngörülebilirliği","no_brief",""
"1504","Müzakerede Evet Almak","Mevzisel müzakere tuzağı","no_brief",""
"1505","Müzakerede Evet Almak","BATNA — en iyi alternatif","no_brief",""
"1506","Müzakerede Evet Almak","Nesnel kriterler ve meşruiyet","no_brief",""
"1507","Değişim Yönetimi","Sekiz adım ve hata bir","no_brief",""
"1508","Değişim Yönetimi","Güçlendirici koalisyon","no_brief",""
"1509","Değişim Yönetimi","Kısa vadeli kazanımlar ve değişim momentumu","no_brief",""
"1510","Pratik Stoacılık","Negatif görselleştirme — kaybı hayal etmek","no_brief",""
"1511","Pratik Stoacılık","Kontrol dışındaki şeylerle barışmak","no_brief",""
"1512","Pratik Stoacılık","Stoacı akşam muhasebesi","no_brief",""
"1513","Yıkıcı İnovasyon","Sabit disk sanayisinin dersi","no_brief",""
"1514","Yıkıcı İnovasyon","İki tür inovasyon","no_brief",""
"1515","Yıkıcı İnovasyon","Kaynak dağıtımı ve strateji icra uçurumu","no_brief",""
"1516","Müşteri Geliştirme","Anne testi nedir","no_brief",""
"1517","Müşteri Geliştirme","Konuşmaların en kötü hataları","no_brief",""
"1518","Müşteri Geliştirme","İlerleme belirtisi olarak para","no_brief",""
"1519","İç Yolculuk","Evin kiracısı değil sahibi olmak","no_brief",""
"1520","İç Yolculuk","Kalbi açık tutmak","no_brief",""
"1521","İç Yolculuk","Bırakmak ve gerçek özgürlük","no_brief",""
"1522","Az Gitme Yolu","Sevgi ve disiplinin birlikte çalışması","no_brief",""
"1523","Az Gitme Yolu","Gerçeği kabul etme cesareti","no_brief",""
"1524","Az Gitme Yolu","Sorumluluk ve kurban kimliği","no_brief",""
"1525","Parça Parça Yazmak","Berbat ilk taslak","no_brief",""
"1526","Parça Parça Yazmak","Bir inç çerçevesi","no_brief",""
"1527","Parça Parça Yazmak","İçsel eleştirmen ve radyo istasyonları","no_brief",""
"1528","Çevik Yönetim","Scrum'ın doğuşu","no_brief",""
"1529","Çevik Yönetim","Günlük stand-up ve şeffaflık","no_brief",""
"1530","Çevik Yönetim","Tahmin etmek değil ölçmek","no_brief",""
"1531","SPIN Satış","Büyük satışın küçük satıştan farkı","no_brief",""
"1532","SPIN Satış","Dört soru türü ve ihtiyaç keşfi","no_brief",""
"1533","SPIN Satış","Faydaları açıklamanın paradoksu","no_brief",""
"1534","Black Box Thinking","Havacılıktan öğrenmek — başarı kültürü vs öğrenme kültürü","no_brief",""
"1535","Black Box Thinking","Bilişsel uyumsuzluk — hatayı kabul edememenin psikolojisi","no_brief",""
"1536","Black Box Thinking","Marginal kazanımlar — Tour de France'ta bisiklet ekibi devrimi","no_brief",""
"1537","Sıçramak","10.000 saat efsanesi ve Anders Ericsson'un gerçek bulgusu","no_brief",""
"1538","Sıçramak","Tenis prodigisi ve fırsat ortamının gizli rolü","no_brief",""
"1539","Sıçramak","Placebo etkisi ve zihnin performans üzerindeki gücü","no_brief",""
"1540","Peçete Arkası","Her problem görsel düşünceyle çözülebilir","no_brief",""
"1541","Peçete Arkası","SQVID çerçevesi — doğru görseli seçmek","no_brief",""
"1542","Peçete Arkası","Napkin'de doğan fikirler — büyük kararların basit başlangıçları","no_brief",""
"1543","Evet Dedirtmek","Sosyal kanıt — otelin havlu deneyi","no_brief",""
"1544","Evet Dedirtmek","Taahhüt ve tutarlılık — küçük evet büyük evete zemin hazırlar","no_brief",""
"1545","Evet Dedirtmek","Kıtlık ve kayıp korkusu — kazanmak değil kaybetmemek motive eder","no_brief",""
"1546","İkinci Makine Çağı","Satranç makinesi ve insan-makine işbirliği","no_brief",""
"1547","İkinci Makine Çağı","Moore Yasası ve bileşik büyümenin kavranmayan gücü","no_brief",""
"1548","İkinci Makine Çağı","Beyin sermayesi çağı — idealar maddi kaynaklardan daha değerli","no_brief",""
"1549","Ölçülebilir Büyüme","Vizyonun kağıtta kalması — EOS neden işletmeleri kurtarıyor","no_brief",""
"1550","Ölçülebilir Büyüme","Doğru kişi, doğru yer — GWC testi","no_brief",""
"1551","Ölçülebilir Büyüme","Haftalık L10 toplantısı — kaosun ritme dönüşmesi","no_brief",""
"1552","The Five Dysfunctions of a Team","Güven eksikliği — kırılganlık temelli güven neden her şeyin temelidir","no_brief",""
"1553","The Five Dysfunctions of a Team","Sahte uyum tuzağı — çatışmadan kaçmak neden ekibi yavaşlatır","no_brief",""
"1554","The Five Dysfunctions of a Team","Sonuçlara odaklanma — ego mu yoksa ekip mi kazansın","no_brief",""
"1555","İş Modeli Üretimi","Business Model Canvas — bir sayfada tüm iş modeli","no_brief",""
"1556","İş Modeli Üretimi","Ücretsiz iş modeli — Google nasıl bedavaya milyarlar kazanıyor","no_brief",""
"1557","İş Modeli Üretimi","İş modeli inovasyonu — rakibi taklit etmek değil yeniden tasarlamak","no_brief",""
"1558","Radikal Kabul","Acıyı ikiye katlamak — birincil ve ikincil acı","no_brief",""
"1559","Radikal Kabul","Yetersizlik trансı — 'bir şeyler yanlış' hissinin kökenine inmek","no_brief",""
"1560","Radikal Kabul","RAIN pratiği — zor duyguları eritmek için dört adım","no_brief",""
"1561","Farkındalık Temelli Yaşam","Jon Kabat-Zinn'in hastanesi — MBSR'nin doğuşu","no_brief",""
"1562","Farkındalık Temelli Yaşam","Otomatik pilot — zihnin nerede olduğundan habersiz yaşamak","no_brief",""
"1563","Farkındalık Temelli Yaşam","Tam felaket — zorluğu kucaklamak","no_brief",""
"1564","Bilinçli Liderlik","Çizginin altında ya da üstünde — iki liderlik hali","no_brief",""
"1565","Bilinçli Liderlik","Yüzde yüz sorumluluk — suçu dışarıda aramayı bırakmak","no_brief",""
"1566","Bilinçli Liderlik","Duyguları veri olarak kullanmak — bastırmak değil okumak","no_brief",""
"1567","Yetenek Kodu","Miyelin — yeteneklerin biyolojik temeli","no_brief",""
"1568","Yetenek Kodu","Tutuşma anı — motivasyonun kimliğe dönüştüğü an","no_brief",""
"1569","Yetenek Kodu","Yetenek yuvaları — neden bazı küçük yerler büyük yetenkler üretiyor","no_brief",""
"1570","Kültür Kodu","Güvenlik sinyalleri — beyin kültürü nasıl okuyor","no_brief",""
"1571","Kültür Kodu","Kırılganlığın döngüsü — zayıflık göstermek gücü artırır","no_brief",""
"1572","Kültür Kodu","Ortak amaç — 'neden' sorusu kültürü bir arada tutar","no_brief",""
"1573","Hataları Kucaklamak","Öz meşrulaştırma — zihin nasıl kendini korur","no_brief",""
"1574","Hataları Kucaklamak","Bellek yanılsaması — hatırladıklarımız ne kadar gerçek","no_brief",""
"1575","Hataları Kucaklamak","Piramit kararları — küçük adımlarla büyük yanlışlara doğru kayış","no_brief",""
"1576","İşte Anlam","Ödül paradoksu — para motivasyonu öldürebilir","no_brief",""
"1577","İşte Anlam","Özerklik — kontrol etmek değil yönlendirmek","no_brief",""
"1578","İşte Anlam","Amaç — para ve statünün ötesindeki üçüncü katman","no_brief",""
"1579","Satışın Yeni Yüzü","Hepimiz satıcıyız — satış mesleğinin yeniden tanımı","no_brief",""
"1580","Satışın Yeni Yüzü","Kafa kafaya bilgi — asimetrik bilginin ortadan kalkması","no_brief",""
"1581","Satışın Yeni Yüzü","Geri çekilme hakkı — en güçlü satış cümlesi","no_brief",""
"1582","Bütün Beyin","Sol beyin çağının sonu — sağ beynin yükselişi","no_brief",""
"1583","Bütün Beyin","Tasarım — işlevselliğin ötesinde anlam yaratmak","no_brief",""
"1584","Bütün Beyin","Anlam — para ve statünün ötesindeki arayış","no_brief",""
"1585","Sirkadyen Kod","İç saat — vücudun 24 saatlik ritmi ve sağlık üzerindeki derin etkisi","no_brief",""
"1586","Sirkadyen Kod","Zaman kısıtlı beslenme — sadece yeme penceresini daraltmak","no_brief",""
"1587","Sirkadyen Kod","Işık ve uyku — ekranların biyolojik bedeli","no_brief",""
"1588","Uzun Yaşam Bilimi","Yaşlanma bir hastalıktır — ve tedavi edilebilir","no_brief",""
"1589","Uzun Yaşam Bilimi","Hayatta kalma genleri — stres biyolojik saati nasıl yavaşlatıyor","no_brief",""
"1590","Uzun Yaşam Bilimi","mTOR ve AMPK — hücrenin büyüme-onarım dengesi","no_brief",""
"1591","Uzun Ömür","Healthspan — uzun yaşamak değil iyi yaşamak","no_brief",""
"1592","Uzun Ömür","Dört süvari — kronik hastalıkların ortak kökeni","no_brief",""
"1593","Uzun Ömür","Egzersiz — tek ilaç gibi çalışan tek değişken","no_brief",""
"1594","Beyin ve Diyet","Gluten ve beyin — beklenmedik bağlantı","no_brief",""
"1595","Beyin ve Diyet","Karbonhidrat ve kolesterol — tersine dönen paradigma","no_brief",""
"1596","Beyin ve Diyet","BDNF — beyni büyüten molekül ve onu artırmanın yolları","no_brief",""
"1597","İyi Bağırsak","Mikrobiyom — içimizdeki gizli organ","no_brief",""
"1598","İyi Bağırsak","Beyin-bağırsak aksı — duygu ve mikrop bağlantısı","no_brief",""
"1599","İyi Bağırsak","Lif — mikrobiyomun birincil yakıtı ve modern diyetin en büyük eksikliği","no_brief",""
"1600","Nefes","Yanlış nefes almak — sessiz salgın","no_brief",""
"1601","Nefes","Dakikada beş nefes — kalp ritmi ve sinir sistemi uyumu","no_brief",""
"1602","Nefes","CO2 toleransı — oksijen değil karbondioksit kontrolü","no_brief",""
"1603","Soğuk Yöntem","Wim Hof'un dağı — imkansız olduğu söylenenin kanıtı","no_brief",""
"1604","Soğuk Yöntem","Soğuk duş ve buz banyosu — stresin ters çevrilmesi","no_brief",""
"1605","Soğuk Yöntem","Wim Hof nefes tekniği — kontrollü hiperventilasyon ve tutma","no_brief",""
"1606","Zengin Olmayı Öğrenmek","Otomatik sistem — para kararlarını irade dışına taşımak","no_brief",""
"1607","Zengin Olmayı Öğrenmek","Büyük kazançlara odaklanmak — latte faktörünün yanlışı","no_brief",""
"1608","Zengin Olmayı Öğrenmek","Zengin hayat tasarımı — paranın araç olduğunu hatırlamak","no_brief",""
"1609","Mantıklı Borsa","Maliyet paradoksu — daha fazla ödemek daha az kazandırır","no_brief",""
"1610","Mantıklı Borsa","Haystack'i satın al — tüm samanlığı almak neden kazandırır","no_brief",""
"1611","Mantıklı Borsa","Piyasa zamanlaması yanılgısı — içeride kalmak neden her şeyden önemli","no_brief",""
"1612","Komşu Milyoner","Zengin görünmek ile zengin olmak — sessiz servetin sırrı","no_brief",""
"1613","Komşu Milyoner","Ekonomik giden rüzgar — aile desteğinin gizli bedeli","no_brief",""
"1614","Komşu Milyoner","Zaman, enerji, para — milyonerlerin gerçek yatırımı","no_brief",""
"1615","Borç Devrimi","Çığlık atan bebek ve kar topu — borcun psikolojik savaşı","no_brief",""
"1616","Borç Devrimi","Acil durum fonu — beklenmedik olanı beklemek","no_brief",""
"1617","Borç Devrimi","Bütçe — paranın patronu olmak","no_brief",""
"1618","İlişki Psikolojisi","Duygusal bağ — yetişkin bağlanmasının temel ihtiyacı","no_brief",""
"1619","İlişki Psikolojisi","Şeytan döngüsü — saldır ve çekil sarmalı","no_brief",""
"1620","İlişki Psikolojisi","Hold me tight anı — yeniden bağlanmanın kapısı","no_brief",""
"1621","Bağlanma Teorisi","Üç bağlanma stili — güvenli, kaygılı, kaçıngan","no_brief",""
"1622","Bağlanma Teorisi","Kaçıngan paradoksu — yakınlık isteyen ama uzaklaşan","no_brief",""
"1623","Bağlanma Teorisi","Kaygılı-kaçıngan tuzağı — zıt stiller neden birbirini çeker","no_brief",""
"1624","Duygusal Olgunlaşmamış Ebeveynler","Duygusal olgunlaşmamış ebeveyn — sevgi var ama bağ yok","no_brief",""
"1625","Duygusal Olgunlaşmamış Ebeveynler","Rolü tersine çevirmek — ebeveynin çocuğu olan çocuk","no_brief",""
"1626","Duygusal Olgunlaşmamış Ebeveynler","Yeniden ebeveynlik — kendini iyileştirmenin yolu","no_brief",""
"1627","Travma ve İyileşme","Travmanın dili — sözsüz yaranın kökeni","no_brief",""
"1628","Travma ve İyileşme","Güç ve bağ — iyileşmenin iki ayağı","no_brief",""
"1629","Travma ve İyileşme","Toplumsal travma — sessizliğin suç ortaklığı","no_brief",""
"1630","Bedenin Hayır Demesi","Bastırılan duygu, beden dili — hastalık mesajın taşıyıcısı","no_brief",""
"1631","Bedenin Hayır Demesi","Stres ve bağışıklık — neden duygular fizyoloji değiştirir","no_brief",""
"1632","Bedenin Hayır Demesi","Şefkatli sınır — iyileşmenin pratik kapısı","no_brief",""
"1633","Dağınık Beyin","DEHB bir bozukluk değil — uyumsuzluk","no_brief",""
"1634","Dağınık Beyin","Dopamin ve anlam — DEHB beyninin gerçek ihtiyacı","no_brief",""
"1635","Dağınık Beyin","Utanç sarmalı — DEHB ve kimlik yarası","no_brief",""
"1636","Her Şey Gerçek Olabilir","Bağımlılık bir seçim değil — acının dili","no_brief",""
"1637","Her Şey Gerçek Olabilir","Toksik toplum — bağımlılığı besleyen sistem","no_brief",""
"1638","Her Şey Gerçek Olabilir","Şefkatin nörobilimi — bağlantı bağımlılığın panzehiri","no_brief",""
"1639","Özgür Olmak 2","Yeterince iyi olmak — mükemmeliyetçiliğin gerçek bedeli","no_brief",""
"1640","Özgür Olmak 2","Utanç ve suçluluk — birbirinden çok farklı iki his","no_brief",""
"1641","Özgür Olmak 2","Minnettarlık ve neşe — en cesur duygular","no_brief",""
"1642","Güçlü Kalkmak","Arenada olmak — düşme cesareti","no_brief",""
"1643","Güçlü Kalkmak","Hikaye tamamlama — beyin boşluğu nasıl dolduruyor","no_brief",""
"1644","Güçlü Kalkmak","Devrilme ve kalkış — iyileşmenin üç aşaması","no_brief",""
"1645","Çölde Yürümek","Gerçek aitlik — onay için değil özgünlük için","no_brief",""
"1646","Çölde Yürümek","Kutup yıldızı değerleri — kalabalığa rağmen yolunu bulmak","no_brief",""
"1647","Çölde Yürümek","Ortak ağrı — yalnızlığı aşmanın beklenmedik yolu","no_brief",""
"1648","Kalbin Haritası","Duygu dili — adlandıramadığınızı yönetemezsiniz","no_brief",""
"1649","Kalbin Haritası","Kıskançlık ve haset — sık karıştırılan iki ayrı yara","no_brief",""
"1650","Kalbin Haritası","Kin ve öfke — taşınan ağırlıkların farkı","no_brief",""
"1651","Akış Bulmak","Akış deneyimi — zamanın eridiği bilinç hali","no_brief",""
"1652","Akış Bulmak","Günlük hayatta akış — sıradan anların dönüşümü","no_brief",""
"1653","Akış Bulmak","Yaşam kalitesi ve akış — mutluluğun yanlış aranması","no_brief",""
"1654","Yaratıcılık ve Akış","Yaratıcı kişilik — paradoksların insanı","no_brief",""
"1655","Yaratıcılık ve Akış","Yaratıcı süreç — hazırlık, kuluçka ve aydınlanma","no_brief",""
"1656","Yaratıcılık ve Akış","Alanın kapıcıları — yaratıcılığın sosyal boyutu","no_brief",""
"1657","İçgüdüsel Yeme","Diyet kültürünün reddi — besinleri ahlaki kategoriden çıkarmak","no_brief",""
"1658","İçgüdüsel Yeme","Açlık ve tokluk — beden sinyallerine yeniden bağlanmak","no_brief",""
"1659","İçgüdüsel Yeme","Duygusal yeme — besinden beklenen şey besin veremez","no_brief",""
"1660","Yeniden Doğmak","İki dağ — birinci ve ikinci hayat","no_brief",""
"1661","Yeniden Doğmak","Taahhüt kültürü — seçenekler çağında derinliği bulmak","no_brief",""
"1662","Yeniden Doğmak","Karakter ahlakı — erdemi yeniden keşfetmek","no_brief",""
"1663","Yeni Toprak","Ego ve öz — kimlik yanılsamasının kökü","no_brief",""
"1664","Yeni Toprak","Acı bedeni — geçmişin duygusal tortusu","no_brief",""
"1665","Yeni Toprak","Şimdiki an — tek gerçek ev","no_brief",""
"1666","İçsel Barış","Her adım bir dua — yürürken farkındalık","no_brief",""
"1667","İçsel Barış","Öfkeli bir mektup göndermemek — duyguya alan tanımak","no_brief",""
"1668","İçsel Barış","İnterbeing — her şeyin birbirine bağlılığı","no_brief",""
"1669","Öfke","Öfkeyi pişirmek — soğutma değil dönüştürme","no_brief",""
"1670","Öfke","Öfkeli bebeği taşımak — şefkatli bakım pratiği","no_brief",""
"1671","Öfke","Bağlantısı kesilen bir zihin — öfkenin gerçek kaynağı","no_brief",""
"1672","Konsantrasyon Gücü","Derin çalışma — yüzeysel çalışmanın antitezi","no_brief",""
"1673","Konsantrasyon Gücü","Dikkat artığı — taşınan zihin maliyeti","no_brief",""
"1674","Konsantrasyon Gücü","Derin çalışma ritüelleri — kapasitenin kasıtlı inşası","no_brief",""
"1675","Başarılı Değişim","Kimlik temelli alışkanlıklar — ben bu tür biriyim","no_brief",""
"1676","Başarılı Değişim","İki dakika kuralı — başlamak bitirmekten önemlidir","no_brief",""
"1677","Başarılı Değişim","Yüzde bir daha iyi — bileşik büyümenin alışkanlık versiyonu","no_brief",""
"1678","Yeni Başlayanlar İçin Meditasyon","Meditasyon yanılgısı — zihnin boşalması değil farkındalık","no_brief",""
"1679","Yeni Başlayanlar İçin Meditasyon","On dakika — küçük bir pratiğin büyük dönüşümü","no_brief",""
"1680","Meditasyonla İyileşme","Evrimsel beyin ve aldatmaca — neden zihin her zaman yanlış hissedebilir","no_brief",""
"1681","The Shallows","İnternet ve derin okuma — kaybedilen bir beceri","no_brief",""
"1682","The Shallows","Hafıza ve Google etkisi — bilgiyi saklamaktan aramaya geçiş","no_brief",""
"1683","Dikkatin Gücü","Üç odak türü — iç, dış ve sistem odağı","no_brief",""
"1684","Dikkatin Gücü","Dikkat eğitimi — beyin kası olarak odak","no_brief",""
"1685","Duygusal Çeviklik","Düşünce kancaları — zihni ele geçiren hikayeler","no_brief",""
"1686","Duygusal Çeviklik","Değerlere dayalı eylem — duygu değil değer rehberlik eder","no_brief",""
"1687","Psikolojik Esneklik","Mutluluk tuzağı — daha iyi hissetmeye çalışmak neden işe yaramıyor","no_brief",""
"1688","Psikolojik Esneklik","Bilişsel ayrışma — düşüncelerden mesafe almanın ACT yöntemi","no_brief",""
"1689","Bütünleşik Zekanın Gücü","EQ neden IQ'dan daha belirleyici — başarının gizli faktörü","no_brief",""
"1690","Bütünleşik Zekanın Gücü","Öz farkındalık — duygusal zekanın temeli","no_brief",""
"1691","Bütünleşik Zekanın Gücü","İlişki yönetimi — bağlantı kurmak bir beceridir","no_brief",""
"1692","Rakipler Takımı","Lincoln Neden Rakiplerini Kabinesine Aldı?","no_brief",""
"1693","Endurance","Shackleton'ın 800 Millik Kurtuluş Yolculuğu","no_brief",""
"1694","Seabiscuit","Seabiscuit Büyük Buhran'a Nasıl Umut Oldu?","no_brief",""
"1695","Midnight in Chernobyl","Çernobil Gecesi Kontrol Odasında Ne Oldu?","no_brief",""
"1696","Predictably Irrational","Bedavanın Gizli Maliyeti","no_brief",""
"1697","The Power of Regret","Bronz Madalya Kazananlar Neden Daha Mutlu?","no_brief",""
"1698","Steve Jobs","Steve Jobs'ın Kaligrafi Dersi Mac'i Nasıl Değiştirdi?","no_brief",""
"1699","The Founders","PayPal'ın Rakip Kurucuları Nasıl Takım Oldu?","no_brief",""
"1700","A Random Walk Down Wall Street","Rastgele Yürüyen Bir Piyasa Yenilebilir mi?","no_brief",""
"1701","The Checklist Manifesto","Basit Bir Kontrol Listesi Kaç Hayat Kurtarabilir?","no_brief",""
"1702","The Comfort Crisis","Konfor Alanı Bedenimizi Nasıl Zayıflatıyor?","no_brief",""
"1703","Atomic Habits","Bir Kaza James Clear’ın Alışkanlık Fikrini Nasıl Değiştirdi?","no_brief",""
"1704","Influence","İyi Niyetli Bir Tabela Hırsızlığı Nasıl Artırdı?","no_brief",""
"1705","Flow","Akış Rahatken Değil, Sınırdayken Neden Gelir?","no_brief",""
"1706","Against Empathy","Bir Yüz Neden Binlerce İstatistikten Güçlüdür?","no_brief",""
"1707","The 7 Habits of Highly Effective People","Metroda Bir Cümle Bütün Hikâyeyi Nasıl Değiştirdi?","in_db","high"
"1708","Emotional Intelligence","Bir Gazete Haberi Zekâ Tanımını Nasıl Değiştirdi?","no_brief",""
"1709","The Psychology of Money","Servet Neden Genellikle Görünmezdir?","no_brief",""
"1710","The Boys in the Boat","Dokuz İşçi Sınıfı Genci Berlin’de Tarihe Nasıl Dokundu?","no_brief",""
"1711","The Simple Path to Wealth","Zengin Görünmek ile Zengin Olmak Arasındaki Fark","no_brief",""
"1712","The Republic","Platon’a Göre İktidarı En Çok Kim Hak Eder?","no_brief",""
"1713","Ego Is the Enemy","Ryan Holiday’nin Başarısı Neden Bir Uyarıya Dönüştü?","no_brief",""
"1714","You're Not Listening","Dinlemek Neden Konuşmaktan Daha Zordur?","no_brief",""
"1715","Indistractable","Nir Eyal’i Kendi Kızıyla Kaçırdığı An Durdurdu","no_brief",""
"1716","Chatter","Kendi Adını Söylemek Stresi Nasıl Azaltabilir?","no_brief",""
"1717","The Shallows","Nicholas Carr Neden Bir Kitabı Bitiremez Oldu?","no_brief",""
"1718","Rubicon","Sezar Rubicon’u Geçtiğinde Neden Geri Dönüş Yoktu?","no_brief",""
"1719","Complications","Uykusuz Bir Cerrah Ne Zaman Yardım İstemeli?","no_brief",""
"1720","The Paradox of Choice","24 Reçel Neden 6 Reçelden Daha Az Sattı?","no_brief",""
"1721","A Short History of Nearly Everything","Kıtalar Bir Yapboz Gibi Uyuşuyorsa Tesadüf müydü?","no_brief",""
"1722","Creativity, Inc.","Pixar’da Bir Filmi Kurtaran Toplantının Patronu Yoktu","no_brief",""
"1723","Thinking in Systems","Bir Gölü Kurtarmak Neden Musluğu Kapatmak Kadar Hızlı Değildir?","no_brief",""
"1724","Good to Great","Darwin Smith Neden Şirketinin Fabrikalarını Sattı?","no_brief",""
"1725","Money: Master the Game","2008 Krizi Tony Robbins’in Sorusunu Nasıl Değiştirdi?","no_brief",""
"1726","The Gene","Mendel’in Bezelyeleri Neden Otuz Yıl Sessiz Kaldı?","no_brief",""
"1727","Noise","Aynı Dosyaya Bakan Uzmanlar Neden Farklı Fiyat Söyledi?","no_brief",""
"1728","Can't Hurt Me","David Goggins Aynadaki Adamla Neden Konuştu?","no_brief",""
"1729","An Immense World","Filler Ayaklarıyla Kilometrelerce Öteyi Nasıl Dinliyor?","no_brief",""
"1730","The 4-Hour Workweek","Tim Ferriss Şirketinden Uzaklaşınca Neden İşler Düzelmeye Başladı?","no_brief",""
"1731","The Devil in the White City","George Ferris Paris’in Kulesine Nasıl Cevap Verdi?","in_db","medium"
"1732","Black Box Thinking","Kokpitte Kaptana İtiraz Etmek Neden Bir Güvenlik Kuralına Dönüştü?","no_brief",""
"1733","The Success Principles","Beş Küçük Rica Chicken Soup’u Nasıl Fenomene Dönüştürdü?","no_brief",""
"1734","The Undoing Project","Uçağı Beş Dakika Kaçırmak Neden Otuz Dakikadan Daha Çok Acıtır?","no_brief",""
"1735","The Five Dysfunctions of a Team","Lencioni Neden Takım Sorununu Strateji Değil Güven Diye Okudu?","no_brief",""
"1736","The Fearless Organization","En İyi Ekipler Neden Daha Çok Hata Bildiriyordu?","no_brief",""
"1737","The Life-Changing Magic of Tidying Up","Marie Kondo Neden “Bu Bana Neşe Veriyor mu?” Diye Sordu?","no_brief",""
"1738","The Righteous Mind","Kirli Bir Masa Ahlaki Yargıyı Neden Sertleştirdi?","no_brief",""
"1739","Purple Cow","Seth Godin Neden Mor Bir İnek Aradı?","no_brief",""
"1740","Pour Your Heart Into It","İtalya’daki Espresso Barı Starbucks Toplantısını Nasıl Değiştirdi?","no_brief",""
"1741","Stillness Is the Key","Ryan Holiday Neden Sakinliği Bir Performans Gücü Saydı?","no_brief",""
"1742","The Good Life","Bir Telefon Görüşmesi Neden Mutluluk Araştırmasına Dönüştü?","no_brief",""
"1743","Guns, Germs, and Steel","168 Kişi Bir İmparatorluğu Nasıl Esir Aldı?","no_brief",""
"1744","Collapse","Küçük Bir Ada Çöküşten Nasıl Kaçtı?","no_brief",""
"1745","The Silk Roads","Kağıdı Batıya Taşıyan Savaş","no_brief",""
"1746","SPQR","Roma'yı Büyüten Sıra Dışı Karar","no_brief",""
"1747","The Wright Brothers","Bisikletçilerin Rüzgar Tüneli","no_brief",""
"1748","Into Thin Air","Everest'te Saat İkiyi Geçince","no_brief",""
"1749","Unbroken","Okyanusta 47 Gün: Louis Zamperini","no_brief",""
"1750","Hidden Figures","John Glenn'in Güvendiği Hesap","no_brief",""
"1751","The Splendid and the Vile","Bombardıman Altında Görünür Olmak","no_brief",""
"1752","Say Nothing","Sessizlik Antlaşması Nasıl Çözüldü?","no_brief",""
"1753","The Wager","Aynı Kazadan İki Farklı Gerçek","no_brief",""
"1754","Killers of the Flower Moon","Zenginliğin Ölümcül Olduğu Topraklar","no_brief",""
"1755","The Lost City of Z","Amazon'un Yuttuğu Kaşif","no_brief",""
"1756","Cosmos","Soluk Mavi Nokta","no_brief",""
"1757","A Brief History of Time","Tek Denklemin Riski","no_brief",""
"1758","The Code Breaker","Bakterilerin Sakladığı Makas","no_brief",""
"1759","The Immortal Life of Henrietta Lacks","Ölmeyi Reddeden Hücreler","no_brief",""
"1760","The Hidden Life of Trees","Ağaçların Gizli Ağı","no_brief",""
"1761","Entangled Life","Ne Bitki Ne Hayvan: Mantarların Dünyası","no_brief",""
"1762","Longitude","Denizde Kaybolmayı Bitiren Saat","no_brief",""
"1763","The Disappearing Spoon","Elinde Eriyen Kaşık","no_brief",""
"1764","The Poisoner's Handbook","Zehirin Cezasız Kaldığı Çağ","no_brief",""
"1765","The Radium Girls","Fırçayı Dudağında Sivriltmek","no_brief",""
"1766","The Butchering Art","Görünmeyen Katili Yıkamak","no_brief",""
"1767","Surely You're Joking, Mr. Feynman!","Sallanan Tabaktan Nobel’e","no_brief",""
"1768","The Anxious Generation","Oyun Bahçesinden Ekrana Geçiş","no_brief",""
"1769","Behave","Bir Davranışın Bir Saniye Öncesi","no_brief",""
"1770","The Lucifer Effect","İyi İnsanları Değiştiren Rol","no_brief",""
"1771","The Man Who Mistook His Wife for a Hat","Karısını Şapka Sanan Adam","no_brief",""
"1772","Incognito","Kararı Sen mi Veriyorsun?","no_brief",""
"1773","The Happiness Hypothesis","Fil ve Binicisi","no_brief",""
"1774","The Confidence Game","Dolandırıcının Gerçek Silahı","no_brief",""
"1775","Scarcity","Yokluğun Zihni Daraltması","no_brief",""
"1776","The Marshmallow Test","Şimdiki Bir mi, Sonraki İki mi?","no_brief",""
"1777","Shoe Dog","Bagajdan Doğan Nike","no_brief",""
"1778","The Everything Store","Boş Sandalyenin Anlamı","no_brief",""
"1779","The Ride of a Lifetime","Devralınan Şirketleri Değiştirmemek","no_brief",""
"1780","No Rules Rules","Kural Kitabını Yırtmak","no_brief",""
"1781","Bad Blood","Kanla Kurulan Bir Yalan","no_brief",""
"1782","The Hard Thing About Hard Things","Kolay Cevabı Olmayan Kararlar","no_brief",""
"1783","The Intelligent Investor","Bay Piyasa ile Ortaklık","no_brief",""
"1784","Being Mortal","Sonuna Kadar İyi Yaşamak","no_brief",""
"1785","Nonviolent Communication","Suçlamanın Altındaki İhtiyaç","no_brief",""
"1786","Four Thousand Weeks","Dört Bin Haftalık Ömür","no_brief",""
"1787","Tao Te Ching","Suyun Sessiz Gücü","no_brief",""
"1788","Why Zebras Don't Get Ulcers","Aslandan Kaçan Zebra","no_brief",""
"1789","Why Zebras Don't Get Ulcers","Bedenin Yakıtı Yanlış Yere Akınca","no_brief",""
"1790","Why Zebras Don't Get Ulcers","Serengeti'de Bir Pavyan Sürüsü","no_brief",""
"1791","Why Zebras Don't Get Ulcers","Aynı Elektrik, İki Farklı Sıçan","no_brief",""
"1792","Why Zebras Don't Get Ulcers","Barışı Öğrenen Sürü","no_brief",""
"1793","The Intelligent Investor","Kapını Her Sabah Çalan Ortak","no_brief",""
"1794","Delivering Happiness","Boş Konfeti","no_brief",""
"1795","Delivering Happiness","Salondaki Ayakkabı Mağazası","no_brief",""
"1796","Delivering Happiness","Telefonda Acele Yok","no_brief",""
"1797","Delivering Happiness","Çıkış Kapısındaki Teklif","no_brief",""
"1798","Delivering Happiness","Kültür Pazarlığı","no_brief",""
"1799","The Culture Map","Havayı Okumak","no_brief",""
"1800","The Culture Map","Sandviçin İçindeki Eleştiri","no_brief",""
"1801","The Culture Map","Evet'in Ağırlığı","no_brief",""
"1802","The Culture Map","Sözleşmeden Önce Kahve","no_brief",""
"1803","The Culture Map","Saatin İki Dili","no_brief",""
"1804","Grinding It Out","Sekiz Mikserlik Sinyal","no_brief",""
"1805","Grinding It Out","Menüyü Küçülten Mutfak","no_brief",""
"1806","Grinding It Out","Des Plaines’teki İlk Kopya","no_brief",""
"1807","Grinding It Out","Hamburgerin Altındaki Arsa","no_brief",""
"1808","Grinding It Out","Hamburger Üniversitesi","no_brief",""
"1809","Range","Roger Federer'in geç dallanması","no_brief",""
"1810","Range","Van Gogh'un geç başlangıcı","no_brief",""
"1811","Range","Kepler'in analoji ile keşfi","no_brief",""
"1812","Range","""Kötü niyetli"" öğrenme ortamları","no_brief",""
"1813","Range","Gore-Tex ve yan projeler","no_brief",""
"1814","Range","InnoCentive'de alan dışı çözücüler","no_brief",""
"1815","Range","Gunpei Yokoi ve Game Boy","no_brief",""
"1816","Range","Kariyer 'uyum kalitesi'","no_brief",""
"1817","Range","Satrançta yapay zekânın üstünlüğü","no_brief",""
"1818","Range","Flynn etkisi ve soyut düşünme","no_brief",""
"1819","Give and Take","Vericiler merdivenin hem altında hem üstünde","no_brief",""
"1820","Give and Take","Bir öğretmenin her öğrencide yetenek görmesi","no_brief",""
"1821","Give and Take","Adam Rifkin'in beş dakikalık iyiliği","no_brief",""
"1822","Give and Take","Frank Lloyd Wright ve alıcı tuzağı","no_brief",""
"1823","Give and Take","Cömert satıcının uzun oyunu","no_brief",""
"1824","Give and Take","Pigmalion etkisi","no_brief",""
"1825","Give and Take","Kekeme avukat Dave Walton","no_brief",""
"1826","Give and Take","Jon Huntsman'ın el sıkışması","no_brief",""
"1827","Give and Take","Simpsons yazım odasının cömert kültürü","no_brief",""
"1828","Give and Take","Öz-koruyucu verici","no_brief",""
